시도별,성별,연령별,시점,지역별_총_인구수,노년층_인구
서울,계,계,1970 년,5685932.0,95538.0
서울,계,계,1971 년,5940442.0,106698.0
서울,계,계,1972 년,6206625.0,110568.0
서울,계,계,1973 년,6470497.0,119326.0
서울,계,계,1974 년,6737832.0,129836.0
서울,계,계,1975 년,7005007.0,146801.0
서울,계,계,1976 년,7300852.0,157823.0
서울,계,계,1977 년,7598734.0,169769.0
서울,계,계,1978 년,7900077.0,182433.0
서울,계,계,1979 년,8205097.0,195596.0
서울,계,계,1980 년,8516450.0,209787.0
서울,계,계,1981 년,8795571.0,221130.0
서울,계,계,1982 년,9058650.0,234968.0
서울,계,계,1983 년,9317088.0,248421.0
서울,계,계,1984 년,9558806.0,263172.0
서울,계,계,1985 년,9725447.0,278378.0
서울,계,계,1986 년,9815245.0,288346.0
서울,계,계,1987 년,9931649.0,302227.0
서울,계,계,1988 년,10147107.0,321463.0
서울,계,계,1989 년,10379344.0,342847.0
서울,계,계,1990 년,10473252.0,368112.0
서울,계,계,1991 년,10461122.0,378172.0
서울,계,계,1992 년,10445852.0,389436.0
서울,계,계,1993 년,10420119.0,402420.0
서울,계,계,1994 년,10385314.0,417509.0
서울,계,계,1995 년,10342224.0,433740.0
서울,계,계,1996 년,10195359.0,448985.0
서울,계,계,1997 년,10115549.0,466012.0
서울,계,계,1998 년,10051237.0,485207.0
서울,계,계,1999 년,10035810.0,509039.0
서울,계,계,2000 년,10078434.0,538670.0
서울,계,계,2001 년,10091137.0,571535.0
서울,계,계,2002 년,10049183.0,600757.0
서울,계,계,2003 년,10041419.0,632323.0
서울,계,계,2004 년,10051611.0,666725.0
서울,계,계,2005 년,10028631.0,705900.0
서울,계,계,2006 년,10057373.0,748340.0
서울,계,계,2007 년,10068563.0,798298.0
서울,계,계,2008 년,10111880.0,845513.0
서울,계,계,2009 년,10138867.0,888495.0
서울,계,계,2010 년,10088611.0,927877.0
서울,계,계,2011 년,10072235.0,967141.0
서울,계,계,2012 년,10036273.0,1028072.0
서울,계,계,2013 년,9990010.0,1090007.0
서울,계,계,2014 년,9975163.0,1148847.0
서울,계,계,2015 년,9941162.0,1208835.0
서울,계,계,2016 년,9842501.0,1239118.0
서울,계,계,2017 년,9766399.0,1292108.0
서울,계,계,2018 년,9697449.0,1341836.0
서울,계,계,2019 년,9657296.0,1397496.0
서울,계,계,2020 년,9617795.0,1476752.0
서울,계,계,2021 년,9507905.0,1543661.0
서울,계,계,2022 년,9421415.0,1611095.0
서울,계,계,2023 년,9400365.0,1687316.0
서울,계,계,2024 년,9393699.0,1768926.0
부산,계,계,1970 년,2045828.0,36308.0
부산,계,계,1971 년,2155433.0,40236.0
부산,계,계,1972 년,2270494.0,41450.0
부산,계,계,1973 년,2386209.0,44434.0
부산,계,계,1974 년,2504899.0,48019.0
부산,계,계,1975 년,2625143.0,54080.0
부산,계,계,1976 년,2756845.0,57929.0
부산,계,계,1977 년,2890337.0,62064.0
부산,계,계,1978 년,3026409.0,66410.0
부산,계,계,1979 년,3165516.0,70923.0
부산,계,계,1980 년,3309338.0,75785.0
부산,계,계,1981 년,3399677.0,79231.0
부산,계,계,1982 년,3469299.0,83207.0
부산,계,계,1983 년,3526625.0,86704.0
부산,계,계,1984 년,3580187.0,90616.0
부산,계,계,1985 년,3627990.0,95132.0
부산,계,계,1986 년,3671462.0,100471.0
부산,계,계,1987 년,3724562.0,107340.0
부산,계,계,1988 년,3773138.0,115075.0
부산,계,계,1989 년,3803288.0,122979.0
부산,계,계,1990 년,3803334.0,132724.0
부산,계,계,1991 년,3816713.0,139113.0
부산,계,계,1992 년,3829348.0,146178.0
부산,계,계,1993 년,3839022.0,154215.0
부산,계,계,1994 년,3846467.0,163419.0
부산,계,계,1995 년,3852295.0,173378.0
부산,계,계,1996 년,3826168.0,182773.0
부산,계,계,1997 년,3803326.0,192396.0
부산,계,계,1998 년,3775121.0,202456.0
부산,계,계,1999 년,3752322.0,213975.0
부산,계,계,2000 년,3732630.0,226864.0
부산,계,계,2001 년,3716425.0,241479.0
부산,계,계,2002 년,3684942.0,255947.0
부산,계,계,2003 년,3648852.0,268990.0
부산,계,계,2004 년,3623903.0,284009.0
부산,계,계,2005 년,3590291.0,301004.0
부산,계,계,2006 년,3563009.0,318070.0
부산,계,계,2007 년,3538031.0,337531.0
부산,계,계,2008 년,3514331.0,357496.0
부산,계,계,2009 년,3497197.0,374674.0
부산,계,계,2010 년,3476658.0,391014.0
부산,계,계,2011 년,3476349.0,403708.0
부산,계,계,2012 년,3461881.0,423651.0
부산,계,계,2013 년,3455734.0,446844.0
부산,계,계,2014 년,3452309.0,470005.0
부산,계,계,2015 년,3452260.0,494721.0
부산,계,계,2016 년,3446962.0,517169.0
부산,계,계,2017 년,3424409.0,541710.0
부산,계,계,2018 년,3403116.0,566808.0
부산,계,계,2019 년,3381208.0,592490.0
부산,계,계,2020 년,3355632.0,628265.0
부산,계,계,2021 년,3333677.0,659973.0
부산,계,계,2022 년,3303196.0,690015.0
부산,계,계,2023 년,3284246.0,721815.0
부산,계,계,2024 년,3264616.0,755837.0
대구,계,계,1970 년,1294646.0,26778.0
대구,계,계,1971 년,1344660.0,29310.0
대구,계,계,1972 년,1395645.0,29840.0
대구,계,계,1973 년,1445274.0,31607.0
대구,계,계,1974 년,1494654.0,33752.0
대구,계,계,1975 년,1543540.0,37538.0
대구,계,계,1976 년,1611920.0,39980.0
대구,계,계,1977 년,1680300.0,42582.0
대구,계,계,1978 년,1749080.0,45301.0
대구,계,계,1979 년,1818250.0,48103.0
대구,계,계,1980 년,1888506.0,51101.0
대구,계,계,1981 년,1940193.0,53603.0
대구,계,계,1982 년,1995279.0,56908.0
대구,계,계,1983 년,2046550.0,60023.0
대구,계,계,1984 년,2091406.0,63352.0
대구,계,계,1985 년,2129426.0,67053.0
대구,계,계,1986 년,2162263.0,70146.0
대구,계,계,1987 년,2195733.0,74061.0
대구,계,계,1988 년,2229908.0,78585.0
대구,계,계,1989 년,2266543.0,83584.0
대구,계,계,1990 년,2293038.0,90245.0
대구,계,계,1991 년,2332235.0,93652.0
대구,계,계,1992 년,2370971.0,97419.0
대구,계,계,1993 년,2407544.0,101697.0
대구,계,계,1994 년,2442258.0,106589.0
대구,계,계,1995 년,2475360.0,111847.0
대구,계,계,1996 년,2488905.0,118395.0
대구,계,계,1997 년,2495979.0,124660.0
대구,계,계,1998 년,2502146.0,131391.0
대구,계,계,1999 년,2511610.0,139085.0
대구,계,계,2000 년,2528863.0,148084.0
대구,계,계,2001 년,2535374.0,157426.0
대구,계,계,2002 년,2530953.0,166295.0
대구,계,계,2003 년,2531930.0,175679.0
대구,계,계,2004 년,2533260.0,185237.0
대구,계,계,2005 년,2509168.0,194511.0
대구,계,계,2006 년,2490045.0,203972.0
대구,계,계,2007 년,2483535.0,216217.0
대구,계,계,2008 년,2480984.0,228177.0
대구,계,계,2009 년,2481714.0,238585.0
대구,계,계,2010 년,2479781.0,247383.0
대구,계,계,2011 년,2483116.0,254373.0
대구,계,계,2012 년,2480493.0,266787.0
대구,계,계,2013 년,2475657.0,280511.0
대구,계,계,2014 년,2474900.0,295057.0
대구,계,계,2015 년,2468755.0,308252.0
대구,계,계,2016 년,2461272.0,320013.0
대구,계,계,2017 년,2457769.0,336976.0
대구,계,계,2018 년,2448800.0,353567.0
대구,계,계,2019 년,2436776.0,368086.0
대구,계,계,2020 년,2414262.0,388159.0
대구,계,계,2021 년,2395774.0,407845.0
대구,계,계,2022 년,2371593.0,425772.0
대구,계,계,2023 년,2359734.0,444910.0
대구,계,계,2024 년,2353742.0,468502.0
인천,계,계,1970 년,803730.0,17363.0
인천,계,계,1971 년,838028.0,19357.0
인천,계,계,1972 년,873538.0,20039.0
인천,계,계,1973 년,909047.0,21606.0
인천,계,계,1974 년,945093.0,23493.0
인천,계,계,1975 년,981336.0,26600.0
인천,계,계,1976 년,1032326.0,28325.0
인천,계,계,1977 년,1084703.0,30181.0
인천,계,계,1978 년,1138750.0,32117.0
인천,계,계,1979 년,1194725.0,34102.0
인천,계,계,1980 년,1253487.0,36224.0
인천,계,계,1981 년,1314846.0,38625.0
인천,계,계,1982 년,1365747.0,41219.0
인천,계,계,1983 년,1412411.0,43613.0
인천,계,계,1984 년,1474260.0,46777.0
인천,계,계,1985 년,1541084.0,50583.0
인천,계,계,1986 년,1592771.0,53562.0
인천,계,계,1987 년,1646661.0,57283.0
인천,계,계,1988 년,1709667.0,61808.0
인천,계,계,1989 년,1784715.0,67152.0
인천,계,계,1990 년,1896801.0,75641.0
인천,계,계,1991 년,1979437.0,80065.0
인천,계,계,1992 년,2065278.0,84976.0
인천,계,계,1993 년,2153047.0,90538.0
인천,계,계,1994 년,2242714.0,96870.0
인천,계,계,1995 년,2333769.0,103769.0
인천,계,계,1996 년,2375816.0,110040.0
인천,계,계,1997 년,2421017.0,116473.0
인천,계,계,1998 년,2464340.0,123314.0
인천,계,계,1999 년,2494341.0,130170.0
인천,계,계,2000 년,2522462.0,137591.0
인천,계,계,2001 년,2550919.0,145410.0
인천,계,계,2002 년,2571760.0,153164.0
인천,계,계,2003 년,2573467.0,160806.0
인천,계,계,2004 년,2571244.0,168739.0
인천,계,계,2005 년,2581406.0,176991.0
인천,계,계,2006 년,2606698.0,186507.0
인천,계,계,2007 년,2642899.0,198888.0
인천,계,계,2008 년,2689010.0,211248.0
인천,계,계,2009 년,2699716.0,220039.0
인천,계,계,2010 년,2722990.0,230063.0
인천,계,계,2011 년,2754739.0,239850.0
인천,계,계,2012 년,2793754.0,255581.0
인천,계,계,2013 년,2829608.0,271331.0
인천,계,계,2014 년,2862241.0,286930.0
인천,계,계,2015 년,2882868.0,303417.0
인천,계,계,2016 년,2907366.0,316065.0
인천,계,계,2017 년,2923859.0,333429.0
인천,계,계,2018 년,2935848.0,351002.0
인천,계,계,2019 년,2952200.0,371000.0
인천,계,계,2020 년,2951065.0,397682.0
인천,계,계,2021 년,2949742.0,423157.0
인천,계,계,2022 년,2975225.0,450201.0
인천,계,계,2023 년,3008826.0,481869.0
인천,계,계,2024 년,3049340.0,517081.0
광주,계,계,1970 년,651380.0,16913.0
광주,계,계,1971 년,672432.0,18087.0
광주,계,계,1972 년,693417.0,18035.0
광주,계,계,1973 년,713346.0,18680.0
광주,계,계,1974 년,732636.0,19479.0
광주,계,계,1975 년,751007.0,21297.0
광주,계,계,1976 년,776209.0,22314.0
광주,계,계,1977 년,801080.0,23387.0
광주,계,계,1978 년,825601.0,24475.0
광주,계,계,1979 년,849767.0,25576.0
광주,계,계,1980 년,873909.0,26746.0
광주,계,계,1981 년,913258.0,28169.0
광주,계,계,1982 년,953574.0,30007.0
광주,계,계,1983 년,991599.0,31710.0
광주,계,계,1984 년,1023089.0,33397.0
광주,계,계,1985 년,1052558.0,35264.0
광주,계,계,1986 년,1062312.0,36590.0
광주,계,계,1987 년,1068550.0,38158.0
광주,계,계,1988 년,1078519.0,40116.0
광주,계,계,1989 년,1099843.0,42674.0
광주,계,계,1990 년,1124968.0,46595.0
광주,계,계,1991 년,1154456.0,48490.0
광주,계,계,1992 년,1184604.0,50577.0
광주,계,계,1993 년,1214505.0,52922.0
광주,계,계,1994 년,1244187.0,55594.0
광주,계,계,1995 년,1273532.0,58476.0
광주,계,계,1996 년,1292483.0,61547.0
광주,계,계,1997 년,1317015.0,64790.0
광주,계,계,1998 년,1340506.0,68199.0
광주,계,계,1999 년,1361160.0,71853.0
광주,계,계,2000 년,1382426.0,75934.0
광주,계,계,2001 년,1401954.0,80702.0
광주,계,계,2002 년,1421613.0,85361.0
광주,계,계,2003 년,1431964.0,90256.0
광주,계,계,2004 년,1444682.0,94905.0
광주,계,계,2005 년,1445390.0,100130.0
광주,계,계,2006 년,1448384.0,105611.0
광주,계,계,2007 년,1456365.0,112082.0
광주,계,계,2008 년,1465274.0,117901.0
광주,계,계,2009 년,1479146.0,124291.0
광주,계,계,2010 년,1493632.0,130496.0
광주,계,계,2011 년,1502051.0,134731.0
광주,계,계,2012 년,1503758.0,142245.0
광주,계,계,2013 년,1503835.0,149392.0
광주,계,계,2014 년,1504582.0,156512.0
광주,계,계,2015 년,1505906.0,163906.0
광주,계,계,2016 년,1502125.0,172910.0
광주,계,계,2017 년,1495392.0,179281.0
광주,계,계,2018 년,1488439.0,186147.0
광주,계,계,2019 년,1489142.0,193297.0
광주,계,계,2020 년,1479550.0,204430.0
광주,계,계,2021 년,1476003.0,213306.0
광주,계,계,2022 년,1469502.0,221827.0
광주,계,계,2023 년,1463254.0,232641.0
광주,계,계,2024 년,1455515.0,245336.0
대전,계,계,1970 년,548414.0,12362.0
대전,계,계,1971 년,569050.0,13565.0
대전,계,계,1972 년,590072.0,13832.0
대전,계,계,1973 년,610596.0,14683.0
대전,계,계,1974 년,630981.0,15710.0
대전,계,계,1975 년,650941.0,17506.0
대전,계,계,1976 년,683582.0,18737.0
대전,계,계,1977 년,716734.0,20061.0
대전,계,계,1978 년,750442.0,21447.0
대전,계,계,1979 년,784747.0,22882.0
대전,계,계,1980 년,820076.0,24421.0
대전,계,계,1981 년,842954.0,25443.0
대전,계,계,1982 년,863535.0,26716.0
대전,계,계,1983 년,887444.0,28033.0
대전,계,계,1984 년,918722.0,29764.0
대전,계,계,1985 년,951943.0,31828.0
대전,계,계,1986 년,964457.0,33145.0
대전,계,계,1987 년,973775.0,34716.0
대전,계,계,1988 년,984042.0,36567.0
대전,계,계,1989 년,1003113.0,38901.0
대전,계,계,1990 년,1035986.0,42824.0
대전,계,계,1991 년,1083721.0,45240.0
대전,계,계,1992 년,1133067.0,47896.0
대전,계,계,1993 년,1183308.0,50879.0
대전,계,계,1994 년,1234568.0,54264.0
대전,계,계,1995 년,1286844.0,57950.0
대전,계,계,1996 년,1315028.0,61379.0
대전,계,계,1997 년,1338886.0,64550.0
대전,계,계,1998 년,1358370.0,67756.0
대전,계,계,1999 년,1377545.0,71314.0
대전,계,계,2000 년,1396869.0,75249.0
대전,계,계,2001 년,1417579.0,80039.0
대전,계,계,2002 년,1433562.0,84794.0
대전,계,계,2003 년,1453216.0,89963.0
대전,계,계,2004 년,1460948.0,94982.0
대전,계,계,2005 년,1469868.0,99841.0
대전,계,계,2006 년,1481261.0,105232.0
대전,계,계,2007 년,1493931.0,111931.0
대전,계,계,2008 년,1501152.0,117812.0
대전,계,계,2009 년,1508164.0,123070.0
대전,계,계,2010 년,1515009.0,128201.0
대전,계,계,2011 년,1528356.0,132870.0
대전,계,계,2012 년,1540136.0,139864.0
대전,계,계,2013 년,1545232.0,146825.0
대전,계,계,2014 년,1552692.0,154399.0
대전,계,계,2015 년,1542394.0,161977.0
대전,계,계,2016 년,1536169.0,169000.0
대전,계,계,2017 년,1527784.0,176812.0
대전,계,계,2018 년,1513217.0,184806.0
대전,계,계,2019 년,1503212.0,193465.0
대전,계,계,2020 년,1491876.0,205913.0
대전,계,계,2021 년,1482094.0,217273.0
대전,계,계,2022 년,1472473.0,227978.0
대전,계,계,2023 년,1473897.0,239769.0
대전,계,계,2024 년,1473033.0,253047.0
울산,계,계,1970 년,282596.0,9780.0
울산,계,계,1971 년,299698.0,10435.0
울산,계,계,1972 년,317409.0,10396.0
울산,계,계,1973 년,335799.0,10773.0
울산,계,계,1974 년,355047.0,11271.0
울산,계,계,1975 년,374958.0,12336.0
울산,계,계,1976 년,404576.0,12950.0
울산,계,계,1977 년,436035.0,13593.0
울산,계,계,1978 년,469631.0,14245.0
울산,계,계,1979 년,505843.0,14906.0
울산,계,계,1980 년,545538.0,15617.0
울산,계,계,1981 년,571376.0,16207.0
울산,계,계,1982 년,597995.0,17016.0
울산,계,계,1983 년,625084.0,17779.0
울산,계,계,1984 년,651499.0,18630.0
울산,계,계,1985 년,676257.0,19572.0
울산,계,계,1986 년,686049.0,19879.0
울산,계,계,1987 년,703284.0,20608.0
울산,계,계,1988 년,730661.0,21744.0
울산,계,계,1989 년,762359.0,23071.0
울산,계,계,1990 년,794065.0,24999.0
울산,계,계,1991 년,829234.0,26136.0
울산,계,계,1992 년,865654.0,27383.0
울산,계,계,1993 년,902858.0,28784.0
울산,계,계,1994 년,940877.0,30373.0
울산,계,계,1995 년,979606.0,32088.0
울산,계,계,1996 년,998430.0,34023.0
울산,계,계,1997 년,1015754.0,35860.0
울산,계,계,1998 년,1023077.0,37471.0
울산,계,계,1999 년,1026735.0,39120.0
울산,계,계,2000 년,1035658.0,41117.0
울산,계,계,2001 년,1046883.0,43867.0
울산,계,계,2002 년,1056936.0,46481.0
울산,계,계,2003 년,1062369.0,49131.0
울산,계,계,2004 년,1067380.0,51926.0
울산,계,계,2005 년,1071339.0,55612.0
울산,계,계,2006 년,1076340.0,58944.0
울산,계,계,2007 년,1079299.0,63032.0
울산,계,계,2008 년,1091665.0,66813.0
울산,계,계,2009 년,1098027.0,70361.0
울산,계,계,2010 년,1099035.0,73748.0
울산,계,계,2011 년,1112079.0,76992.0
울산,계,계,2012 년,1124659.0,81933.0
울산,계,계,2013 년,1137472.0,87508.0
울산,계,계,2014 년,1151171.0,93342.0
울산,계,계,2015 년,1163719.0,99470.0
울산,계,계,2016 년,1166202.0,105254.0
울산,계,계,2017 년,1158787.0,112111.0
울산,계,계,2018 년,1152725.0,119261.0
울산,계,계,2019 년,1145761.0,127141.0
울산,계,계,2020 년,1139069.0,137641.0
울산,계,계,2021 년,1125167.0,147488.0
울산,계,계,2022 년,1113508.0,157770.0
울산,계,계,2023 년,1106306.0,168959.0
울산,계,계,2024 년,1102846.0,181492.0
세종시,계,계,2000 년,,0.0
세종시,계,계,2001 년,,0.0
세종시,계,계,2002 년,,0.0
세종시,계,계,2003 년,,0.0
세종시,계,계,2004 년,,0.0
세종시,계,계,2005 년,,0.0
세종시,계,계,2006 년,,0.0
세종시,계,계,2007 년,,0.0
세종시,계,계,2008 년,,0.0
세종시,계,계,2009 년,,0.0
세종시,계,계,2010 년,,0.0
세종시,계,계,2011 년,,0.0
세종시,계,계,2012 년,102157.0,15852.0
세종시,계,계,2013 년,118463.0,16791.0
세종시,계,계,2014 년,132437.0,17776.0
세종시,계,계,2015 년,187202.0,20252.0
세종시,계,계,2016 년,234410.0,22465.0
세종시,계,계,2017 년,265517.0,24560.0
세종시,계,계,2018 년,302249.0,27161.0
세종시,계,계,2019 년,329422.0,29378.0
세종시,계,계,2020 년,348302.0,32051.0
세종시,계,계,2021 년,361131.0,34872.0
세종시,계,계,2022 년,380410.0,37541.0
세종시,계,계,2023 년,387256.0,40055.0
세종시,계,계,2024 년,389166.0,42659.0
경기,계,계,1970 년,2636096.0,80319.0
경기,계,계,1971 년,2732577.0,86987.0
경기,계,계,1972 년,2829428.0,87433.0
경기,계,계,1973 년,2926725.0,91565.0
경기,계,계,1974 년,3025206.0,96723.0
경기,계,계,1975 년,3124725.0,106261.0
경기,계,계,1976 년,3249707.0,112431.0
경기,계,계,1977 년,3376630.0,119005.0
경기,계,계,1978 년,3505494.0,125787.0
경기,계,계,1979 년,3637154.0,132631.0
경기,계,계,1980 년,3774067.0,139900.0
경기,계,계,1981 년,3876181.0,144606.0
경기,계,계,1982 년,4022714.0,152641.0
경기,계,계,1983 년,4247247.0,163177.0
경기,계,계,1984 년,4480444.0,175074.0
경기,계,계,1985 년,4696641.0,187825.0
경기,계,계,1986 년,5001303.0,201323.0
경기,계,계,1987 년,5291325.0,216506.0
경기,계,계,1988 년,5499098.0,229756.0
경기,계,계,1989 년,5690707.0,243079.0
경기,계,계,1990 년,5972092.0,265959.0
경기,계,계,1991 년,6294496.0,282605.0
경기,계,계,1992 년,6634393.0,300978.0
경기,계,계,1993 년,6987963.0,321704.0
경기,계,계,1994 년,7355945.0,345260.0
경기,계,계,1995 년,7737864.0,371005.0
경기,계,계,1996 년,8131905.0,403776.0
경기,계,계,1997 년,8449371.0,433099.0
경기,계,계,1998 년,8681978.0,460203.0
경기,계,계,1999 년,8892806.0,488906.0
경기,계,계,2000 년,9146445.0,522810.0
경기,계,계,2001 년,9451079.0,562351.0
경기,계,계,2002 년,9813893.0,607990.0
경기,계,계,2003 년,10149261.0,655772.0
경기,계,계,2004 년,10415516.0,701551.0
경기,계,계,2005 년,10625127.0,745214.0
경기,계,계,2006 년,10853412.0,791691.0
경기,계,계,2007 년,11056824.0,846765.0
경기,계,계,2008 년,11266554.0,899031.0
경기,계,계,2009 년,11413244.0,941692.0
경기,계,계,2010 년,11618962.0,990093.0
경기,계,계,2011 년,11825310.0,1031653.0
경기,계,계,2012 년,11974482.0,1093164.0
경기,계,계,2013 년,12126274.0,1154696.0
경기,계,계,2014 년,12282013.0,1214243.0
경기,계,계,2015 년,12423017.0,1280903.0
경기,계,계,2016 년,12600313.0,1340299.0
경기,계,계,2017 년,12785790.0,1416953.0
경기,계,계,2018 년,13026541.0,1502530.0
경기,계,계,2019 년,13241253.0,1594607.0
경기,계,계,2020 년,13452422.0,1720279.0
경기,계,계,2021 년,13611134.0,1835539.0
경기,계,계,2022 년,13689761.0,1946975.0
경기,계,계,2023 년,13781261.0,2073082.0
경기,계,계,2024 년,13861071.0,2213665.0
강원,계,계,1970 년,1913786.0,51745.0
강원,계,계,1971 년,1914127.0,55242.0
강원,계,계,1972 년,1912413.0,54677.0
강원,계,계,1973 년,1907958.0,56445.0
강원,계,계,1974 년,1901603.0,58834.0
강원,계,계,1975 년,1892974.0,63603.0
강원,계,계,1976 년,1881368.0,66001.0
강원,계,계,1977 년,1868787.0,68508.0
강원,계,계,1978 년,1854385.0,71021.0
강원,계,계,1979 년,1839084.0,73489.0
강원,계,계,1980 년,1824032.0,76086.0
강원,계,계,1981 년,1819806.0,78225.0
강원,계,계,1982 년,1814259.0,81211.0
강원,계,계,1983 년,1795868.0,83347.0
강원,계,계,1984 년,1766197.0,85345.0
강원,계,계,1985 년,1740348.0,88059.0
강원,계,계,1986 년,1720598.0,90786.0
강원,계,계,1987 년,1692120.0,93919.0
강원,계,계,1988 년,1653464.0,96962.0
강원,계,계,1989 년,1607158.0,99633.0
강원,계,계,1990 년,1561838.0,104453.0
강원,계,계,1991 년,1546504.0,106549.0
강원,계,계,1992 년,1531591.0,108924.0
강원,계,계,1993 년,1515652.0,111719.0
강원,계,계,1994 년,1498849.0,115027.0
강원,계,계,1995 년,1481781.0,118596.0
강원,계,계,1996 년,1483026.0,123579.0
강원,계,계,1997 년,1489229.0,128684.0
강원,계,계,1998 년,1501714.0,134720.0
강원,계,계,1999 년,1512746.0,141345.0
강원,계,계,2000 년,1515605.0,147885.0
강원,계,계,2001 년,1516664.0,155360.0
강원,계,계,2002 년,1510448.0,163449.0
강원,계,계,2003 년,1501318.0,170910.0
강원,계,계,2004 년,1496907.0,178477.0
강원,계,계,2005 년,1488881.0,186101.0
강원,계,계,2006 년,1481855.0,193129.0
강원,계,계,2007 년,1476484.0,201041.0
강원,계,계,2008 년,1480389.0,209269.0
강원,계,계,2009 년,1485148.0,215531.0
강원,계,계,2010 년,1488794.0,222609.0
강원,계,계,2011 년,1497944.0,227393.0
강원,계,계,2012 년,1504234.0,234930.0
강원,계,계,2013 년,1505686.0,242068.0
강원,계,계,2014 년,1510198.0,247918.0
강원,계,계,2015 년,1516636.0,252895.0
강원,계,계,2016 년,1520686.0,257310.0
강원,계,계,2017 년,1520879.0,267881.0
강원,계,계,2018 년,1521442.0,277052.0
강원,계,계,2019 년,1520117.0,287938.0
강원,계,계,2020 년,1519291.0,304107.0
강원,계,계,2021 년,1520426.0,319115.0
강원,계,계,2022 년,1527211.0,334846.0
강원,계,계,2023 년,1525473.0,351755.0
강원,계,계,2024 년,1518110.0,368832.0
충북,계,계,1970 년,1516178.0,55090.0
충북,계,계,1971 년,1525475.0,58605.0
충북,계,계,1972 년,1531955.0,57892.0
충북,계,계,1973 년,1537267.0,59559.0
충북,계,계,1974 년,1541609.0,61782.0
충북,계,계,1975 년,1546369.0,66717.0
충북,계,계,1976 년,1529420.0,68534.0
충북,계,계,1977 년,1511115.0,70412.0
충북,계,계,1978 년,1491150.0,72234.0
충북,계,계,1979 년,1470423.0,73943.0
충북,계,계,1980 년,1449745.0,75728.0
충북,계,계,1981 년,1445633.0,77016.0
충북,계,계,1982 년,1441172.0,79181.0
충북,계,계,1983 년,1431592.0,80770.0
충북,계,계,1984 년,1415867.0,82374.0
충북,계,계,1985 년,1402992.0,84619.0
충북,계,계,1986 년,1396956.0,86305.0
충북,계,계,1987 년,1390268.0,88764.0
충북,계,계,1988 년,1380691.0,91526.0
충북,계,계,1989 년,1373390.0,94601.0
충북,계,계,1990 년,1373711.0,100426.0
충북,계,계,1991 년,1382888.0,102560.0
충북,계,계,1992 년,1391971.0,104947.0
충북,계,계,1993 년,1399655.0,107729.0
충북,계,계,1994 년,1406139.0,111007.0
충북,계,계,1995 년,1411922.0,114536.0
충북,계,계,1996 년,1431461.0,120036.0
충북,계,계,1997 년,1451658.0,125348.0
충북,계,계,1998 년,1469263.0,130843.0
충북,계,계,1999 년,1483466.0,136674.0
충북,계,계,2000 년,1494377.0,142794.0
충북,계,계,2001 년,1499275.0,148795.0
충북,계,계,2002 년,1495860.0,155126.0
충북,계,계,2003 년,1491154.0,161041.0
충북,계,계,2004 년,1490640.0,168184.0
충북,계,계,2005 년,1484736.0,173564.0
충북,계,계,2006 년,1486522.0,179851.0
충북,계,계,2007 년,1494268.0,186755.0
충북,계,계,2008 년,1508721.0,193632.0
충북,계,계,2009 년,1517120.0,198911.0
충북,계,계,2010 년,1524279.0,204078.0
충북,계,계,2011 년,1545214.0,207176.0
충북,계,계,2012 년,1553478.0,211918.0
충북,계,계,2013 년,1564816.0,217662.0
충북,계,계,2014 년,1578403.0,223289.0
충북,계,계,2015 년,1589264.0,228698.0
충북,계,계,2016 년,1600904.0,233565.0
충북,계,계,2017 년,1609061.0,243986.0
충북,계,계,2018 년,1618090.0,252869.0
충북,계,계,2019 년,1629249.0,263583.0
충북,계,계,2020 년,1630839.0,276907.0
충북,계,계,2021 년,1626031.0,290937.0
충북,계,계,2022 년,1623079.0,305917.0
충북,계,계,2023 년,1627269.0,321713.0
충북,계,계,2024 년,1629639.0,337755.0
충남,계,계,1970 년,2379036.0,90928.0
충남,계,계,1971 년,2378826.0,95816.0
충남,계,계,1972 년,2373288.0,93856.0
충남,계,계,1973 년,2365356.0,95678.0
충남,계,계,1974 년,2355444.0,98286.0
충남,계,계,1975 년,2345734.0,105404.0
충남,계,계,1976 년,2318148.0,108401.0
충남,계,계,1977 년,2288734.0,111494.0
충남,계,계,1978 년,2256934.0,114495.0
충남,계,계,1979 년,2223976.0,117345.0
충남,계,계,1980 년,2190545.0,120335.0
충남,계,계,1981 년,2182226.0,122280.0
충남,계,계,1982 년,2171701.0,125545.0
충남,계,계,1983 년,2150917.0,127734.0
충남,계,계,1984 년,2111756.0,129341.0
충남,계,계,1985 년,2075176.0,131754.0
충남,계,계,1986 년,2065757.0,135248.0
충남,계,계,1987 년,2055673.0,139893.0
충남,계,계,1988 년,2039638.0,144915.0
충남,계,계,1989 년,2017902.0,149788.0
충남,계,계,1990 년,1991931.0,157789.0
충남,계,계,1991 년,1949365.0,160589.0
충남,계,계,1992 년,1908054.0,163748.0
충남,계,계,1993 년,1866413.0,167499.0
충남,계,계,1994 년,1824910.0,171997.0
충남,계,계,1995 년,1784205.0,176857.0
충남,계,계,1996 년,1804044.0,185577.0
충남,계,계,1997 년,1831009.0,194675.0
충남,계,계,1998 년,1854333.0,204049.0
충남,계,계,1999 년,1869746.0,213591.0
충남,계,계,2000 년,1879274.0,223501.0
충남,계,계,2001 년,1881811.0,231445.0
충남,계,계,2002 년,1876693.0,240296.0
충남,계,계,2003 년,1871998.0,248278.0
충남,계,계,2004 년,1891842.0,257555.0
충남,계,계,2005 년,1918287.0,264459.0
충남,계,계,2006 년,1942739.0,273435.0
충남,계,계,2007 년,1972847.0,283665.0
충남,계,계,2008 년,2012542.0,294404.0
충남,계,계,2009 년,2040220.0,301779.0
충남,계,계,2010 년,2077637.0,309412.0
충남,계,계,2011 년,2108370.0,312847.0
충남,계,계,2012 년,2042689.0,306575.0
충남,계,계,2013 년,2062301.0,313532.0
충남,계,계,2014 년,2087600.0,321437.0
충남,계,계,2015 년,2102811.0,329689.0
충남,계,계,2016 년,2126174.0,337713.0
충남,계,계,2017 년,2153380.0,350303.0
충남,계,계,2018 년,2177105.0,360253.0
충남,계,계,2019 년,2189132.0,371663.0
충남,계,계,2020 년,2176641.0,389832.0
충남,계,계,2021 년,2175014.0,406208.0
충남,계,계,2022 년,2185996.0,422721.0
충남,계,계,2023 년,2204306.0,440396.0
충남,계,계,2024 년,2223801.0,460769.0
전북,계,계,1970 년,2490827.0,91427.0
전북,계,계,1971 년,2500550.0,95872.0
전북,계,계,1972 년,2504520.0,93591.0
전북,계,계,1973 년,2504720.0,94986.0
전북,계,계,1974 년,2502135.0,97131.0
전북,계,계,1975 년,2497939.0,103961.0
전북,계,계,1976 년,2467539.0,105837.0
전북,계,계,1977 년,2435475.0,107761.0
전북,계,계,1978 년,2401025.0,109534.0
전북,계,계,1979 년,2365415.0,111155.0
전북,계,계,1980 년,2329212.0,112879.0
전북,계,계,1981 년,2318333.0,115146.0
전북,계,계,1982 년,2312381.0,119068.0
전북,계,계,1983 년,2290808.0,121777.0
전북,계,계,1984 년,2255009.0,124252.0
전북,계,계,1985 년,2220652.0,127475.0
전북,계,계,1986 년,2188385.0,130420.0
전북,계,계,1987 년,2152542.0,134228.0
전북,계,계,1988 년,2116257.0,138697.0
전북,계,계,1989 년,2080489.0,143421.0
전북,계,계,1990 년,2046776.0,151569.0
전북,계,계,1991 년,2022381.0,154920.0
전북,계,계,1992 년,1998601.0,158680.0
전북,계,계,1993 년,1973714.0,163042.0
전북,계,계,1994 년,1948022.0,168157.0
전북,계,계,1995 년,1921970.0,173665.0
전북,계,계,1996 년,1923449.0,181096.0
전북,계,계,1997 년,1922565.0,187924.0
전북,계,계,1998 년,1924972.0,195512.0
전북,계,계,1999 년,1929570.0,204215.0
전북,계,계,2000 년,1927005.0,213060.0
전북,계,계,2001 년,1916308.0,220439.0
전북,계,계,2002 년,1895902.0,228771.0
전북,계,계,2003 년,1870827.0,235847.0
전북,계,계,2004 년,1843031.0,243503.0
전북,계,계,2005 년,1816604.0,249763.0
전북,계,계,2006 년,1801414.0,257048.0
전북,계,계,2007 년,1791609.0,265792.0
전북,계,계,2008 년,1788455.0,273805.0
전북,계,계,2009 년,1791713.0,278955.0
전북,계,계,2010 년,1795819.0,284460.0
전북,계,계,2011 년,1808733.0,288037.0
전북,계,계,2012 년,1817430.0,297253.0
전북,계,계,2013 년,1820969.0,305314.0
전북,계,계,2014 년,1829437.0,312081.0
전북,계,계,2015 년,1835125.0,320844.0
전북,계,계,2016 년,1835243.0,329632.0
전북,계,계,2017 년,1828527.0,339111.0
전북,계,계,2018 년,1822635.0,346072.0
전북,계,계,2019 년,1811958.0,355266.0
전북,계,계,2020 년,1805688.0,371529.0
전북,계,계,2021 년,1792081.0,384295.0
전북,계,계,2022 년,1777197.0,395647.0
전북,계,계,2023 년,1768352.0,408943.0
전북,계,계,2024 년,1758610.0,423488.0
전남,계,계,1970 년,3449700.0,146775.0
전남,계,계,1971 년,3429961.0,151750.0
전남,계,계,1972 년,3402083.0,146496.0
전남,계,계,1973 년,3370108.0,146864.0
전남,계,계,1974 년,3335012.0,148260.0
전남,계,계,1975 년,3300224.0,157234.0
전남,계,계,1976 년,3237096.0,158553.0
전남,계,계,1977 년,3172936.0,159898.0
전남,계,계,1978 년,3106217.0,160992.0
전남,계,계,1979 년,3039648.0,161904.0
전남,계,계,1980 년,2974055.0,162953.0
전남,계,계,1981 년,2936533.0,162968.0
전남,계,계,1982 년,2899160.0,164967.0
전남,계,계,1983 년,2848110.0,165502.0
전남,계,계,1984 년,2785929.0,166031.0
전남,계,계,1985 년,2728625.0,167524.0
전남,계,계,1986 년,2701267.0,171931.0
전남,계,계,1987 년,2659003.0,176752.0
전남,계,계,1988 년,2599288.0,181227.0
전남,계,계,1989 년,2538596.0,185818.0
전남,계,계,1990 년,2480439.0,194845.0
전남,계,계,1991 년,2395539.0,198931.0
전남,계,계,1992 년,2315133.0,203514.0
전남,계,계,1993 년,2236940.0,208916.0
전남,계,계,1994 년,2161269.0,215350.0
전남,계,계,1995 년,2088701.0,222282.0
전남,계,계,1996 년,2077343.0,231699.0
전남,계,계,1997 년,2065371.0,240459.0
전남,계,계,1998 년,2060842.0,250693.0
전남,계,계,1999 년,2055210.0,261897.0
전남,계,계,2000 년,2034970.0,272576.0
전남,계,계,2001 년,2011610.0,281315.0
전남,계,계,2002 년,1962797.0,291400.0
전남,계,계,2003 년,1928685.0,299701.0
전남,계,계,2004 년,1881050.0,308297.0
전남,계,계,2005 년,1851257.0,316858.0
전남,계,계,2006 년,1829648.0,325278.0
전남,계,계,2007 년,1805854.0,332793.0
전남,계,계,2008 년,1794149.0,339821.0
전남,계,계,2009 년,1785309.0,344120.0
전남,계,계,2010 년,1777282.0,349278.0
전남,계,계,2011 년,1778593.0,350049.0
전남,계,계,2012 년,1782361.0,355941.0
전남,계,계,2013 년,1783896.0,360776.0
전남,계,계,2014 년,1791887.0,365553.0
전남,계,계,2015 년,1796578.0,369660.0
전남,계,계,2016 년,1798310.0,374123.0
전남,계,계,2017 년,1795036.0,385149.0
전남,계,계,2018 년,1796331.0,390375.0
전남,계,계,2019 년,1793043.0,396459.0
전남,계,계,2020 년,1793108.0,410289.0
전남,계,계,2021 년,1785166.0,421986.0
전남,계,계,2022 년,1775012.0,432947.0
전남,계,계,2023 년,1767592.0,445298.0
전남,계,계,2024 년,1756954.0,459605.0
경북,계,계,1970 년,3373973.0,130003.0
경북,계,계,1971 년,3387836.0,137050.0
경북,계,계,1972 년,3393269.0,134625.0
경북,계,계,1973 년,3394925.0,137620.0
경북,계,계,1974 년,3393581.0,141955.0
경북,계,계,1975 년,3392694.0,152739.0
경북,계,계,1976 년,3350869.0,156698.0
경북,계,계,1977 년,3305810.0,160777.0
경북,계,계,1978 년,3257090.0,164724.0
경북,계,계,1979 년,3206925.0,168506.0
경북,계,계,1980 년,3156810.0,172501.0
경북,계,계,1981 년,3138992.0,177502.0
경북,계,계,1982 년,3111394.0,184106.0
경북,계,계,1983 년,3066542.0,189115.0
경북,계,계,1984 년,3007934.0,194157.0
경북,계,계,1985 년,2953958.0,200669.0
경북,계,계,1986 년,2906873.0,203230.0
경북,계,계,1987 년,2866626.0,207951.0
경북,계,계,1988 년,2822774.0,213402.0
경북,계,계,1989 년,2774467.0,218736.0
경북,계,계,1990 년,2736033.0,229750.0
경북,계,계,1991 년,2732475.0,234059.0
경북,계,계,1992 년,2728374.0,238934.0
경북,계,계,1993 년,2721551.0,244675.0
경북,계,계,1994 년,2712646.0,251500.0
경북,계,계,1995 년,2702465.0,258864.0
경북,계,계,1996 년,2724100.0,270294.0
경북,계,계,1997 년,2745318.0,281067.0
경북,계,계,1998 년,2759045.0,291930.0
경북,계,계,1999 년,2770743.0,303986.0
경북,계,계,2000 년,2773340.0,316303.0
경북,계,계,2001 년,2756966.0,326309.0
경북,계,계,2002 년,2736510.0,338020.0
경북,계,계,2003 년,2704590.0,348464.0
경북,계,계,2004 년,2669505.0,359739.0
경북,계,계,2005 년,2651702.0,370100.0
경북,계,계,2006 년,2652689.0,382810.0
경북,계,계,2007 년,2643478.0,394633.0
경북,계,계,2008 년,2639236.0,406932.0
경북,계,계,2009 년,2634167.0,416066.0
경북,계,계,2010 년,2630443.0,423956.0
경북,계,계,2011 년,2644992.0,425730.0
경북,계,계,2012 년,2655755.0,434300.0
경북,계,계,2013 년,2660941.0,443994.0
경북,계,계,2014 년,2670922.0,455738.0
경북,계,계,2015 년,2677768.0,465808.0
경북,계,계,2016 년,2683339.0,474702.0
경북,계,계,2017 년,2675128.0,493283.0
경북,계,계,2018 년,2675196.0,510445.0
경북,계,계,2019 년,2671108.0,527281.0
경북,계,계,2020 년,2651789.0,550943.0
경북,계,계,2021 년,2640731.0,573680.0
경북,계,계,2022 년,2625507.0,595898.0
경북,계,계,2023 년,2611408.0,617411.0
경북,계,계,2024 년,2597229.0,642635.0
경남,계,계,1970 년,2794945.0,110719.0
경남,계,계,1971 년,2810010.0,115422.0
경남,계,계,1972 년,2818466.0,112214.0
경남,계,계,1973 년,2823575.0,113398.0
경남,계,계,1974 년,2826093.0,115509.0
경남,계,계,1975 년,2828890.0,123220.0
경남,계,계,1976 년,2818527.0,125092.0
경남,계,계,1977 년,2804374.0,126984.0
경남,계,계,1978 년,2786474.0,128707.0
경남,계,계,1979 년,2766722.0,130288.0
경남,계,계,1980 년,2746366.0,132002.0
경남,계,계,1981 년,2748595.0,133907.0
경남,계,계,1982 년,2765095.0,138166.0
경남,계,계,1983 년,2783622.0,142104.0
경남,계,계,1984 년,2793154.0,146335.0
경남,계,계,1985 년,2789644.0,150799.0
경남,계,계,1986 년,2783433.0,153556.0
경남,계,계,1987 년,2773779.0,157549.0
경남,계,계,1988 년,2768387.0,162689.0
경남,계,계,1989 년,2764700.0,168382.0
경남,계,계,1990 년,2776273.0,178765.0
경남,계,계,1991 년,2805601.0,184415.0
경남,계,계,1992 년,2834597.0,190693.0
경남,계,계,1993 년,2861211.0,197960.0
경남,계,계,1994 년,2885857.0,206419.0
경남,계,계,1995 년,2908813.0,215507.0
경남,계,계,1996 년,2943238.0,225841.0
경남,계,계,1997 년,2975321.0,235901.0
경남,계,계,1998 년,3000399.0,246179.0
경남,계,계,1999 년,3020469.0,257317.0
경남,계,계,2000 년,3035571.0,269261.0
경남,계,계,2001 년,3047627.0,279096.0
경남,계,계,2002 년,3069947.0,291354.0
경남,계,계,2003 년,3094681.0,302763.0
경남,계,계,2004 년,3101595.0,314269.0
경남,계,계,2005 년,3110041.0,325947.0
경남,계,계,2006 년,3123201.0,338548.0
경남,계,계,2007 년,3136517.0,351167.0
경남,계,계,2008 년,3166472.0,363897.0
경남,계,계,2009 년,3192481.0,375044.0
경남,계,계,2010 년,3217263.0,385793.0
경남,계,계,2011 년,3244712.0,392716.0
경남,계,계,2012 년,3265495.0,405695.0
경남,계,계,2013 년,3277965.0,419338.0
경남,계,계,2014 년,3307369.0,434872.0
경남,계,계,2015 년,3330230.0,449681.0
경남,계,계,2016 년,3337708.0,462051.0
경남,계,계,2017 년,3339275.0,483323.0
경남,계,계,2018 년,3351332.0,503444.0
경남,계,계,2019 년,3350142.0,524003.0
경남,계,계,2020 년,3340211.0,555921.0
경남,계,계,2021 년,3315384.0,584357.0
경남,계,계,2022 년,3286961.0,613128.0
경남,계,계,2023 년,3266517.0,643763.0
경남,계,계,2024 년,3249033.0,676751.0
제주,계,계,1970 년,373760.0,19260.0
제주,계,계,1971 년,383599.0,20091.0
제주,계,계,1972 년,392784.0,19714.0
제주,계,계,1973 년,401747.0,20030.0
제주,계,계,1974 년,410441.0,20470.0
제주,계,계,1975 년,419244.0,22150.0
제주,계,계,1976 년,429539.0,22508.0
제주,계,계,1977 년,440011.0,22882.0
제주,계,계,1978 년,450426.0,23240.0
제주,계,계,1979 년,460944.0,23593.0
제주,계,계,1980 년,471639.0,23968.0
제주,계,계,1981 년,479074.0,24121.0
제주,계,계,1982 년,484397.0,24489.0
제주,계,계,1983 년,488896.0,24725.0
제주,계,계,1984 년,491697.0,24998.0
제주,계,계,1985 년,493003.0,25315.0
제주,계,계,1986 년,494543.0,25798.0
제주,계,계,1987 년,496140.0,26473.0
제주,계,계,1988 년,498608.0,27328.0
제주,계,계,1989 년,502424.0,28319.0
제주,계,계,1990 년,508746.0,30388.0
제주,계,계,1991 년,509537.0,30945.0
제주,계,계,1992 년,510474.0,31573.0
제주,계,계,1993 년,511126.0,32294.0
제주,계,계,1994 년,511518.0,33157.0
제주,계,계,1995 년,511640.0,34092.0
제주,계,계,1996 년,513926.0,35842.0
제주,계,계,1997 년,516212.0,37413.0
제주,계,계,1998 년,519160.0,39130.0
제주,계,계,1999 년,522398.0,41089.0
제주,계,계,2000 년,524182.0,43197.0
제주,계,계,2001 년,528553.0,45357.0
제주,계,계,2002 년,533737.0,47740.0
제주,계,계,2003 년,536599.0,49940.0
제주,계,계,2004 년,539405.0,52205.0
제주,계,계,2005 년,541833.0,54792.0
제주,계,계,2006 년,543702.0,57348.0
제주,계,계,2007 년,543134.0,60086.0
제주,계,계,2008 년,543894.0,62841.0
제주,계,계,2009 년,545602.0,65273.0
제주,계,계,2010 년,547917.0,67648.0
제주,계,계,2011 년,553845.0,69913.0
제주,계,계,2012 년,560818.0,72968.0
제주,계,계,2013 년,570034.0,76070.0
제주,계,계,2014 년,583335.0,79127.0
제주,계,계,2015 년,599252.0,82160.0
제주,계,계,2016 년,618119.0,85694.0
제주,계,계,2017 년,634919.0,89084.0
제주,계,계,2018 년,654543.0,92457.0
제주,계,계,2019 년,663803.0,95841.0
제주,계,계,2020 년,668699.0,101167.0
제주,계,계,2021 년,672079.0,106173.0
제주,계,계,2022 년,674523.0,110855.0
제주,계,계,2023 년,676557.0,116121.0
제주,계,계,2024 년,674661.0,121855.0
